,date,creator_name,stream_sessions,Unique Profile Visitors,Buyers,Transactions,Txns / Buyer,Total Creator Earnings,Avg Transaction Size,Worst Case Gross Profit,Est. Gross Profit
80,6/7/18,lenaaxios,1,3,1,1,1.0,0.05,0.05,0.0025,0.0125
85,6/7/18,pixelprincess,0,1,0,0,0.0,0.0,,0.0,0.0
88,6/7/18,dammitrooster,1,1,3,4,1.333333333,1.62,0.405,0.081,0.405
91,6/7/18,KingBaileyBomb,1,6,1,1,1.0,0.25,0.25,0.0125,0.0625
97,6/7/18,thatpiguy,1,3,0,0,0.0,0.0,,0.0,0.0
98,6/7/18,XenAndCL,1,2,1,1,1.0,0.1,0.1,0.005,0.025
104,6/7/18,jaredfps,3,15,2,12,6.0,32.98,2.748333333,1.649,8.245
106,6/7/18,InsertCoinTheater,0,4,0,0,0.0,0.0,,0.0,0.0
108,6/7/18,Moto,1,14,9,24,2.666666667,4.15,0.172916667,0.2075,1.0375
115,6/7/18,PinkMeatBall,0,1,0,0,0.0,0.0,,0.0,0.0
122,6/7/18,SugarPlumOnMixer,1,3,0,0,0.0,0.0,,0.0,0.0
123,6/7/18,Scarberry,1,8,5,13,2.6,1.57,0.12076923099999999,0.0785,0.3925
143,6/7/18,MAGNETRON,0,5,0,0,0.0,0.0,,0.0,0.0
147,6/7/18,Bighungry2x,1,1,2,3,1.5,11.1,3.7,0.555,2.775
157,6/7/18,TyFighter559,0,2,0,0,0.0,0.0,,0.0,0.0
162,6/7/18,kabby,2,16,6,11,1.8333333330000001,0.75,0.06818181799999999,0.0375,0.1875
169,6/7/18,Phixate,2,12,4,7,1.75,1.39,0.198571429,0.0695,0.3475
191,6/7/18,InjuredWafflez,0,1,0,0,0.0,0.0,,0.0,0.0
198,6/7/18,myboomshtickMixer,4,4,0,0,0.0,0.0,,0.0,0.0
356,6/6/18,lenaaxios,2,4,0,0,0.0,0.0,,0.0,0.0
358,6/6/18,pixelprincess,0,1,0,0,0.0,0.0,,0.0,0.0
362,6/6/18,dammitrooster,1,14,6,7,1.166666667,0.35,0.05,0.0175,0.0875
364,6/6/18,KingBaileyBomb,2,40,5,7,1.4,2.39,0.341428571,0.1195,0.5975
368,6/6/18,thatpiguy,1,32,3,7,2.333333333,1.24,0.177142857,0.062,0.31
369,6/6/18,XenAndCL,1,1,1,1,1.0,0.1,0.1,0.005,0.025
374,6/6/18,jaredfps,2,26,9,80,8.888888889,12.37,0.154625,0.6185,3.0925
375,6/6/18,InsertCoinTheater,1,1,2,3,1.5,1.5,0.5,0.075,0.375
377,6/6/18,Moto,2,14,4,10,2.5,6.14,0.614,0.307,1.535
381,6/6/18,PinkMeatBall,1,4,0,0,0.0,0.0,,0.0,0.0
385,6/6/18,SugarPlumOnMixer,2,18,2,7,3.5,1.21,0.17285714300000002,0.0605,0.3025
387,6/6/18,Scarberry,0,9,0,0,0.0,0.0,,0.0,0.0
409,6/6/18,MAGNETRON,1,36,1,12,12.0,2.85,0.2375,0.1425,0.7125
419,6/6/18,Bighungry2x,2,64,2,2,1.0,1.02,0.51,0.051,0.255
430,6/6/18,TyFighter559,0,3,1,1,1.0,0.05,0.05,0.0025,0.0125
432,6/6/18,kabby,8,144,12,35,2.916666667,34.31,0.9802857140000001,1.7155,8.5775
443,6/6/18,Phixate,1,9,3,4,1.333333333,0.66,0.165,0.033,0.165
473,6/6/18,InjuredWafflez,1,24,1,3,3.0,0.73,0.243333333,0.0365,0.1825
480,6/6/18,myboomshtickMixer,1,28,3,3,1.0,2.02,0.673333333,0.10099999999999999,0.505
640,6/5/18,lenaaxios,3,12,2,2,1.0,0.35,0.175,0.0175,0.0875
643,6/5/18,pixelprincess,0,1,0,0,0.0,0.0,,0.0,0.0
648,6/5/18,dammitrooster,1,7,4,4,1.0,0.54,0.135,0.027000000000000003,0.135
655,6/5/18,thatpiguy,0,6,4,5,1.25,2.2,0.44,0.11,0.55
659,6/5/18,jaredfps,2,6,1,8,8.0,21.7,2.7125,1.085,5.425
660,6/5/18,Moto,1,7,8,15,1.875,9.86,0.657333333,0.493,2.465
667,6/5/18,PinkMeatBall,0,2,0,0,0.0,0.0,,0.0,0.0
675,6/5/18,SugarPlumOnMixer,1,7,3,4,1.333333333,5.13,1.2825,0.2565,1.2825
702,6/5/18,MAGNETRON,1,15,10,48,4.8,11.65,0.242708333,0.5825,2.9125
726,6/5/18,kabby,1,8,5,31,6.2,8.51,0.274516129,0.4255,2.1275
736,6/5/18,Phixate,1,3,1,1,1.0,0.25,0.25,0.0125,0.0625
769,6/5/18,InjuredWafflez,2,10,4,9,2.25,16.06,1.784444444,0.8029999999999999,4.015
779,6/5/18,myboomshtickMixer,0,1,0,0,0.0,0.0,,0.0,0.0
928,6/4/18,lenaaxios,2,2,0,0,0.0,0.0,,0.0,0.0
932,6/4/18,dammitrooster,1,5,3,4,1.333333333,0.34,0.085,0.017,0.085
935,6/4/18,KingBaileyBomb,1,7,1,2,2.0,0.27,0.135,0.0135,0.0675
943,6/4/18,XenAndCL,1,1,0,0,0.0,0.0,,0.0,0.0
947,6/4/18,jaredfps,1,4,2,7,3.5,26.25,3.75,1.3125,6.5625
949,6/4/18,InsertCoinTheater,0,1,1,1,1.0,0.25,0.25,0.0125,0.0625
950,6/4/18,Moto,1,9,8,25,3.125,7.43,0.2972,0.3715,1.8575
964,6/4/18,SugarPlumOnMixer,1,1,6,37,6.166666667,5.33,0.14405405400000001,0.2665,1.3325
966,6/4/18,Scarberry,1,10,4,20,5.0,7.61,0.3805,0.3805,1.9025
995,6/4/18,MAGNETRON,1,17,14,40,2.857142857,11.39,0.28475,0.5695,2.8475
1007,6/4/18,TyFighter559,0,1,1,1,1.0,0.05,0.05,0.0025,0.0125
1018,6/4/18,Phixate,1,3,3,8,2.666666667,7.31,0.91375,0.3655,1.8275
1052,6/4/18,InjuredWafflez,1,7,0,0,0.0,0.0,,0.0,0.0
1060,6/4/18,myboomshtickMixer,2,8,2,11,5.5,11.64,1.058181818,0.5820000000000001,2.91
1203,6/3/18,dammitrooster,0,1,0,0,0.0,0.0,,0.0,0.0
1210,6/3/18,KingBaileyBomb,1,5,4,13,3.25,2.44,0.187692308,0.122,0.61
1213,6/3/18,thatpiguy,0,18,2,6,3.0,1.1,0.18333333300000001,0.055,0.275
1214,6/3/18,XenAndCL,1,2,2,2,1.0,5.05,2.525,0.2525,1.2625
1216,6/3/18,jaredfps,1,7,3,12,4.0,36.29,3.024166667,1.8145,9.0725
1219,6/3/18,InsertCoinTheater,1,3,1,1,1.0,0.5,0.5,0.025,0.125
1249,6/3/18,Bighungry2x,1,8,0,0,0.0,0.0,,0.0,0.0
1258,6/3/18,kabby,2,20,4,7,1.75,1.04,0.148571429,0.052000000000000005,0.26
1295,6/3/18,myboomshtickMixer,1,1,2,7,3.5,13.38,1.9114285709999999,0.669,3.345
1446,6/2/18,KingBaileyBomb,1,8,0,0,0.0,0.0,,0.0,0.0
1454,6/2/18,jaredfps,1,3,3,11,3.666666667,11.39,1.035454545,0.5695,2.8475
1456,6/2/18,Moto,1,10,8,10,1.25,1.45,0.145,0.0725,0.3625
1470,6/2/18,SugarPlumOnMixer,1,7,2,43,21.5,1.99,0.04627907,0.0995,0.4975
1472,6/2/18,Scarberry,1,4,0,0,0.0,0.0,,0.0,0.0
1489,6/2/18,MAGNETRON,1,4,4,12,3.0,2.02,0.168333333,0.10099999999999999,0.505
1497,6/2/18,Bighungry2x,1,3,6,22,3.666666667,2.81,0.127727273,0.1405,0.7025
1505,6/2/18,TyFighter559,0,5,0,0,0.0,0.0,,0.0,0.0
1546,6/2/18,InjuredWafflez,0,8,0,0,0.0,0.0,,0.0,0.0
1551,6/2/18,myboomshtickMixer,1,2,1,6,6.0,0.97,0.161666667,0.0485,0.2425
1677,6/1/18,lenaaxios,1,1,0,0,0.0,0.0,,0.0,0.0
1683,6/1/18,dammitrooster,2,20,5,7,1.4,0.26,0.037142857,0.013000000000000001,0.065
1693,6/1/18,thatpiguy,0,16,1,1,1.0,0.1,0.1,0.005,0.025
1695,6/1/18,XenAndCL,2,4,2,7,3.5,3.14,0.44857142899999997,0.157,0.785
1701,6/1/18,InsertCoinTheater,1,2,2,4,2.0,1.05,0.2625,0.0525,0.2625
1702,6/1/18,Moto,2,24,10,34,3.4,13.12,0.38588235299999996,0.6559999999999999,3.28
1717,6/1/18,Scarberry,3,60,2,10,5.0,6.09,0.609,0.3045,1.5225
1741,6/1/18,MAGNETRON,1,29,12,48,4.0,17.78,0.37041666700000003,0.889,4.445
1750,6/1/18,Bighungry2x,1,12,5,24,4.8,14.68,0.611666667,0.7340000000000001,3.67
1760,6/1/18,kabby,1,24,1,5,5.0,0.07,0.013999999999999999,0.0035,0.0175
1770,6/1/18,Phixate,0,4,1,1,1.0,0.1,0.1,0.005,0.025
1799,6/1/18,InjuredWafflez,1,20,1,1,1.0,0.1,0.1,0.005,0.025
1928,5/31/18,lenaaxios,1,1,1,2,2.0,5.3,2.65,0.265,1.325
1931,5/31/18,pixelprincess,0,1,0,0,0.0,0.0,,0.0,0.0
1935,5/31/18,KingBaileyBomb,4,48,7,48,6.857142857,17.12,0.35666666700000005,0.856,4.28
1937,5/31/18,thatpiguy,0,2,1,1,1.0,0.1,0.1,0.005,0.025
1940,5/31/18,jaredfps,4,20,2,2,1.0,0.5,0.25,0.025,0.125
1943,5/31/18,InsertCoinTheater,0,1,0,0,0.0,0.0,,0.0,0.0
1944,5/31/18,Moto,2,18,6,14,2.333333333,56.33,4.0235714289999995,2.8165,14.0825
1947,5/31/18,PinkMeatBall,0,1,0,0,0.0,0.0,,0.0,0.0
1955,5/31/18,SugarPlumOnMixer,1,2,3,3,1.0,0.42,0.14,0.021,0.105
1956,5/31/18,Scarberry,0,1,1,3,3.0,0.33,0.11,0.0165,0.0825
1967,5/31/18,AstroOnMixer,1,6,2,3,1.5,0.67,0.223333333,0.0335,0.1675
1978,5/31/18,Bighungry2x,1,1,0,0,0.0,0.0,,0.0,0.0
1982,5/31/18,TyFighter559,0,3,2,2,1.0,0.06,0.03,0.003,0.015
1984,5/31/18,kabby,1,4,2,3,1.5,0.08,0.026666667,0.004,0.02
1994,5/31/18,Phixate,1,3,4,6,1.5,1.0,0.166666667,0.05,0.25
2010,5/31/18,InjuredWafflez,1,5,5,6,1.2,4.28,0.713333333,0.214,1.07
2140,5/30/18,lenaaxios,1,2,0,0,0.0,0.0,,0.0,0.0
2144,5/30/18,pixelprincess,1,5,3,4,1.333333333,0.48,0.12,0.024,0.12
2147,5/30/18,dammitrooster,2,44,4,6,1.5,11.05,1.841666667,0.5525,2.7625
2150,5/30/18,KingBaileyBomb,1,24,2,4,2.0,0.17,0.0425,0.0085,0.0425
2156,5/30/18,jaredfps,2,40,3,12,4.0,36.14,3.011666667,1.807,9.035
2157,5/30/18,InsertCoinTheater,1,3,2,3,1.5,1.1,0.36666666700000006,0.055,0.275
2159,5/30/18,Moto,1,6,8,47,5.875,8.74,0.185957447,0.43700000000000006,2.185
2161,5/30/18,PinkMeatBall,3,3,0,0,0.0,0.0,,0.0,0.0
2165,5/30/18,SugarPlumOnMixer,1,5,7,10,1.428571429,8.45,0.845,0.4225,2.1125
2167,5/30/18,Scarberry,1,1,0,0,0.0,0.0,,0.0,0.0
2182,5/30/18,MAGNETRON,1,112,17,57,3.3529411760000003,21.72,0.381052632,1.0859999999999999,5.43
2187,5/30/18,Bighungry2x,0,2,0,0,0.0,0.0,,0.0,0.0
2197,5/30/18,TyFighter559,0,4,2,3,1.5,0.57,0.19,0.0285,0.1425
2199,5/30/18,kabby,2,4,0,0,0.0,0.0,,0.0,0.0
2209,5/30/18,Phixate,1,4,2,3,1.5,0.27,0.09,0.0135,0.0675
2237,5/30/18,InjuredWafflez,1,7,0,0,0.0,0.0,,0.0,0.0
2353,5/29/18,lenaaxios,1,1,0,0,0.0,0.0,,0.0,0.0
2357,5/29/18,pixelprincess,1,4,0,0,0.0,0.0,,0.0,0.0
2360,5/29/18,dammitrooster,1,8,3,3,1.0,0.22,0.073333333,0.011000000000000001,0.055
2366,5/29/18,thatpiguy,0,3,1,1,1.0,0.25,0.25,0.0125,0.0625
2368,5/29/18,XenAndCL,3,9,0,0,0.0,0.0,,0.0,0.0
2372,5/29/18,jaredfps,2,2,1,4,4.0,20.4,5.1,1.02,5.1
2374,5/29/18,Moto,1,7,9,62,6.8888888889999995,14.45,0.23306451600000003,0.7225,3.6125
2378,5/29/18,PinkMeatBall,0,2,0,0,0.0,0.0,,0.0,0.0
2390,5/29/18,AstroOnMixer,1,4,4,8,2.0,1.52,0.19,0.076,0.38
2399,5/29/18,MAGNETRON,1,12,0,0,0.0,0.0,,0.0,0.0
2417,5/29/18,kabby,1,3,0,0,0.0,0.0,,0.0,0.0
2426,5/29/18,Phixate,3,9,2,3,1.5,1.75,0.583333333,0.0875,0.4375
2448,5/29/18,InjuredWafflez,1,6,6,9,1.5,10.09,1.121111111,0.5045,2.5225
2457,5/29/18,myboomshtickMixer,0,3,0,0,0.0,0.0,,0.0,0.0
2566,5/28/18,lenaaxios,2,2,2,2,1.0,0.07,0.035,0.0035,0.0175
2568,5/28/18,dammitrooster,1,2,0,0,0.0,0.0,,0.0,0.0
2570,5/28/18,KingBaileyBomb,1,48,2,2,1.0,0.26,0.13,0.013000000000000001,0.065
2575,5/28/18,thatpiguy,0,2,1,2,2.0,0.05,0.025,0.0025,0.0125
2576,5/28/18,InsertCoinTheater,1,2,1,1,1.0,0.5,0.5,0.025,0.125
2577,5/28/18,Moto,2,18,9,41,4.555555556,10.35,0.252439024,0.5175,2.5875
2583,5/28/18,PinkMeatBall,1,2,2,5,2.5,1.45,0.29,0.0725,0.3625
2588,5/28/18,SugarPlumOnMixer,1,16,2,3,1.5,0.77,0.256666667,0.0385,0.1925
2600,5/28/18,MAGNETRON,1,8,11,60,5.454545455,9.13,0.152166667,0.4565,2.2825
2607,5/28/18,Bighungry2x,1,1,1,4,4.0,0.18,0.045,0.009000000000000001,0.045
2610,5/28/18,TyFighter559,0,1,1,3,3.0,0.07,0.023333332999999998,0.0035,0.0175
2613,5/28/18,kabby,1,3,2,5,2.5,0.65,0.13,0.0325,0.1625
2619,5/28/18,Phixate,1,2,1,1,1.0,5.0,5.0,0.25,1.25
2635,5/28/18,InjuredWafflez,1,8,5,14,2.8,12.58,0.8985714290000001,0.629,3.145
2725,5/27/18,XenAndCL,0,1,1,6,6.0,0.12,0.02,0.006,0.03
2728,5/27/18,jaredfps,1,2,0,0,0.0,0.0,,0.0,0.0
2730,5/27/18,InsertCoinTheater,2,56,3,27,9.0,13.5,0.5,0.675,3.375
2731,5/27/18,Moto,0,2,0,0,0.0,0.0,,0.0,0.0
2735,5/27/18,SugarPlumOnMixer,0,3,0,0,0.0,0.0,,0.0,0.0
2736,5/27/18,Scarberry,0,1,0,0,0.0,0.0,,0.0,0.0
2746,5/27/18,MAGNETRON,1,18,8,73,9.125,15.1,0.206849315,0.755,3.775
2754,5/27/18,Bighungry2x,1,1,0,0,0.0,0.0,,0.0,0.0
2787,5/27/18,InjuredWafflez,1,5,5,8,1.6,1.6,0.2,0.08,0.4
2790,5/27/18,myboomshtickMixer,1,6,1,2,2.0,0.04,0.02,0.002,0.01
2870,5/26/18,KingBaileyBomb,2,40,2,3,1.5,0.54,0.18,0.027000000000000003,0.135
2872,5/26/18,thatpiguy,0,1,1,1,1.0,0.02,0.02,0.001,0.005
2873,5/26/18,XenAndCL,1,1,1,10,10.0,0.2,0.02,0.01,0.05
2876,5/26/18,Moto,1,6,6,10,1.6666666669999999,0.68,0.068,0.034,0.17
2886,5/26/18,Scarberry,1,6,3,24,8.0,10.08,0.42,0.504,2.52
2898,5/26/18,MAGNETRON,1,16,0,0,0.0,0.0,,0.0,0.0
2909,5/26/18,kabby,1,1,1,1,1.0,0.5,0.5,0.025,0.125
2931,5/26/18,InjuredWafflez,1,3,0,0,0.0,0.0,,0.0,0.0
2939,5/26/18,myboomshtickMixer,0,1,0,0,0.0,0.0,,0.0,0.0
3030,5/25/18,dammitrooster,1,1,0,0,0.0,0.0,,0.0,0.0
3033,5/25/18,KingBaileyBomb,1,4,5,9,1.8,0.18,0.02,0.009000000000000001,0.045
3037,5/25/18,thatpiguy,0,2,2,4,2.0,1.52,0.38,0.076,0.38
3038,5/25/18,XenAndCL,2,2,0,0,0.0,0.0,,0.0,0.0
3042,5/25/18,InsertCoinTheater,2,8,2,2,1.0,1.02,0.51,0.051,0.255
3043,5/25/18,Moto,1,8,4,6,1.5,3.06,0.51,0.153,0.765
3045,5/25/18,PinkMeatBall,2,2,0,0,0.0,0.0,,0.0,0.0
3049,5/25/18,SugarPlumOnMixer,1,2,2,2,1.0,0.04,0.02,0.002,0.01
3050,5/25/18,Scarberry,0,7,0,0,0.0,0.0,,0.0,0.0
3055,5/25/18,AstroOnMixer,1,2,1,52,52.0,49.99,0.961346154,2.4995,12.4975
3082,5/25/18,Phixate,0,4,1,1,1.0,0.02,0.02,0.001,0.005
3120,5/25/18,InjuredWafflez,2,24,3,12,4.0,5.52,0.46,0.276,1.38
3128,5/25/18,myboomshtickMixer,1,4,0,0,0.0,0.0,,0.0,0.0
3225,5/24/18,lenaaxios,0,1,0,0,0.0,0.0,,0.0,0.0
3226,5/24/18,pixelprincess,0,2,0,0,0.0,0.0,,0.0,0.0
3228,5/24/18,dammitrooster,0,2,0,0,0.0,0.0,,0.0,0.0
3231,5/24/18,KingBaileyBomb,1,7,0,0,0.0,0.0,,0.0,0.0
3235,5/24/18,thatpiguy,0,3,4,18,4.5,10.16,0.5644444439999999,0.508,2.54
3236,5/24/18,XenAndCL,0,1,0,0,0.0,0.0,,0.0,0.0
3239,5/24/18,jaredfps,2,12,2,17,8.5,5.22,0.307058824,0.261,1.305
3241,5/24/18,InsertCoinTheater,0,2,0,0,0.0,0.0,,0.0,0.0
3249,5/24/18,PinkMeatBall,2,16,0,0,0.0,0.0,,0.0,0.0
3258,5/24/18,SugarPlumOnMixer,2,16,1,2,2.0,0.08,0.04,0.004,0.02
3260,5/24/18,Scarberry,2,6,4,5,1.25,2.06,0.41200000000000003,0.10300000000000001,0.515
3270,5/24/18,AstroOnMixer,0,3,0,0,0.0,0.0,,0.0,0.0
3278,5/24/18,MAGNETRON,2,248,12,30,2.5,6.12,0.204,0.306,1.53
3285,5/24/18,Bighungry2x,1,32,5,21,4.2,5.79,0.27571428600000003,0.2895,1.4475
3293,5/24/18,kabby,0,4,1,1,1.0,0.02,0.02,0.001,0.005
3302,5/24/18,Phixate,2,8,2,2,1.0,0.09,0.045,0.0045,0.0225
3322,5/24/18,InjuredWafflez,0,2,0,0,0.0,0.0,,0.0,0.0
3330,5/24/18,myboomshtickMixer,2,6,0,0,0.0,0.0,,0.0,0.0
3427,5/23/18,lenaaxios,1,6,1,2,2.0,0.04,0.02,0.002,0.01
3430,5/23/18,pixelprincess,0,2,0,0,0.0,0.0,,0.0,0.0
3437,5/23/18,thatpiguy,0,32,4,8,2.0,23.83,2.97875,1.1915,5.9575
3438,5/23/18,XenAndCL,1,3,0,0,0.0,0.0,,0.0,0.0
3443,5/23/18,InsertCoinTheater,1,5,1,2,2.0,0.5,0.25,0.025,0.125
3444,5/23/18,Moto,2,6,2,3,1.5,0.18,0.06,0.009000000000000001,0.045
3459,5/23/18,SugarPlumOnMixer,2,12,0,0,0.0,0.0,,0.0,0.0
3461,5/23/18,Scarberry,1,2,1,1,1.0,0.07,0.07,0.0035,0.0175
3467,5/23/18,AstroOnMixer,2,6,0,0,0.0,0.0,,0.0,0.0
3476,5/23/18,MAGNETRON,2,18,4,17,4.25,1.64,0.09647058800000001,0.08199999999999999,0.41
3483,5/23/18,Bighungry2x,0,6,0,0,0.0,0.0,,0.0,0.0
3492,5/23/18,TyFighter559,0,3,0,0,0.0,0.0,,0.0,0.0
3501,5/23/18,Phixate,1,6,1,1,1.0,0.01,0.01,0.0005,0.0025
3621,5/22/18,lenaaxios,1,3,2,3,1.5,0.43,0.143333333,0.0215,0.1075
3624,5/22/18,pixelprincess,0,1,0,0,0.0,0.0,,0.0,0.0
3625,5/22/18,dammitrooster,1,5,0,0,0.0,0.0,,0.0,0.0
3629,5/22/18,KingBaileyBomb,0,6,0,0,0.0,0.0,,0.0,0.0
3636,5/22/18,thatpiguy,0,1,0,0,0.0,0.0,,0.0,0.0
3639,5/22/18,jaredfps,0,3,0,0,0.0,0.0,,0.0,0.0
3642,5/22/18,Moto,2,12,0,0,0.0,0.0,,0.0,0.0
3645,5/22/18,PinkMeatBall,0,2,0,0,0.0,0.0,,0.0,0.0
3651,5/22/18,SugarPlumOnMixer,2,2,3,6,2.0,0.53,0.08833333300000001,0.0265,0.1325
3684,5/22/18,TyFighter559,0,3,3,11,3.666666667,9.01,0.819090909,0.4505,2.2525
3685,5/22/18,kabby,1,8,1,2,2.0,0.74,0.37,0.037000000000000005,0.185
3690,5/22/18,Phixate,1,8,6,9,1.5,5.93,0.658888889,0.2965,1.4825
3719,5/22/18,InjuredWafflez,1,10,0,0,0.0,0.0,,0.0,0.0
3727,5/22/18,myboomshtickMixer,0,11,0,0,0.0,0.0,,0.0,0.0
3857,5/21/18,lenaaxios,1,5,4,7,1.75,0.96,0.13714285699999998,0.048,0.24
3858,5/21/18,pixelprincess,0,1,1,5,5.0,1.78,0.35600000000000004,0.08900000000000001,0.445
3861,5/21/18,dammitrooster,0,2,0,0,0.0,0.0,,0.0,0.0
3866,5/21/18,KingBaileyBomb,1,5,2,7,3.5,0.54,0.077142857,0.027000000000000003,0.135
3871,5/21/18,XenAndCL,1,1,0,0,0.0,0.0,,0.0,0.0
3873,5/21/18,jaredfps,0,1,0,0,0.0,0.0,,0.0,0.0
3876,5/21/18,Moto,2,6,1,1,1.0,10.0,10.0,0.5,2.5
3883,5/21/18,PinkMeatBall,1,3,3,20,6.666666667,13.21,0.6605,0.6605,3.3025
3892,5/21/18,Scarberry,2,4,1,1,1.0,0.07,0.07,0.0035,0.0175
3901,5/21/18,AstroOnMixer,1,3,4,19,4.75,7.3,0.384210526,0.365,1.825
3905,5/21/18,MAGNETRON,1,10,4,6,1.5,1.62,0.27,0.081,0.405
3911,5/21/18,Bighungry2x,1,3,0,0,0.0,0.0,,0.0,0.0
3921,5/21/18,TyFighter559,0,1,0,0,0.0,0.0,,0.0,0.0
3924,5/21/18,kabby,1,15,3,4,1.333333333,0.43,0.1075,0.0215,0.1075
3935,5/21/18,Phixate,1,5,3,15,5.0,6.08,0.40533333299999996,0.304,1.52
3968,5/21/18,InjuredWafflez,1,12,1,4,4.0,1.03,0.2575,0.0515,0.2575
3976,5/21/18,myboomshtickMixer,1,3,3,6,2.0,23.52,3.92,1.176,5.88
4089,5/20/18,KingBaileyBomb,2,8,4,47,11.75,7.5,0.159574468,0.375,1.875
4091,5/20/18,XenAndCL,1,3,1,1,1.0,0.25,0.25,0.0125,0.0625
4094,5/20/18,Moto,2,2,2,11,5.5,1.1,0.1,0.055,0.275
4097,5/20/18,PinkMeatBall,2,4,0,0,0.0,0.0,,0.0,0.0
4100,5/20/18,Scarberry,1,4,3,11,3.666666667,3.46,0.314545455,0.17300000000000001,0.865
4106,5/20/18,AstroOnMixer,0,1,0,0,0.0,0.0,,0.0,0.0
4111,5/20/18,MAGNETRON,0,2,0,0,0.0,0.0,,0.0,0.0
4157,5/20/18,InjuredWafflez,1,1,2,3,1.5,0.49,0.163333333,0.0245,0.1225
4165,5/20/18,myboomshtickMixer,2,2,1,3,3.0,0.21,0.07,0.0105,0.0525
4276,5/19/18,lenaaxios,1,2,1,1,1.0,0.07,0.07,0.0035,0.0175
4278,5/19/18,pixelprincess,1,6,3,21,7.0,14.47,0.6890476190000001,0.7235,3.6175
4288,5/19/18,thatpiguy,0,2,0,0,0.0,0.0,,0.0,0.0
4291,5/19/18,jaredfps,2,32,1,1,1.0,0.4,0.4,0.02,0.1
4292,5/19/18,Moto,0,1,0,0,0.0,0.0,,0.0,0.0
4296,5/19/18,PinkMeatBall,4,112,3,5,1.6666666669999999,0.42,0.084,0.021,0.105
4300,5/19/18,Scarberry,1,4,0,0,0.0,0.0,,0.0,0.0
4316,5/19/18,MAGNETRON,1,10,10,36,3.6,13.52,0.375555556,0.6759999999999999,3.38
4320,5/19/18,Bighungry2x,2,4,2,3,1.5,0.35,0.11666666699999999,0.0175,0.0875
4331,5/19/18,kabby,2,8,1,4,4.0,0.24,0.06,0.012,0.06
4339,5/19/18,Phixate,0,7,4,8,2.0,2.86,0.3575,0.14300000000000002,0.715
4363,5/19/18,InjuredWafflez,1,6,3,16,5.333333333,16.56,1.035,0.828,4.14
4506,5/18/18,pixelprincess,0,5,3,3,1.0,0.05,0.016666667,0.0025,0.0125
4507,5/18/18,dammitrooster,1,2,0,0,0.0,0.0,,0.0,0.0
4508,5/18/18,KingBaileyBomb,1,6,5,21,4.2,3.72,0.177142857,0.18600000000000003,0.93
4513,5/18/18,jaredfps,0,4,2,3,1.5,0.39,0.13,0.0195,0.0975
4517,5/18/18,Moto,1,6,5,11,2.2,1.89,0.17181818199999999,0.0945,0.4725
4534,5/18/18,AstroOnMixer,3,3,1,5,5.0,0.25,0.05,0.0125,0.0625
4542,5/18/18,MAGNETRON,2,14,5,6,1.2,1.36,0.226666667,0.068,0.34
4550,5/18/18,Bighungry2x,1,8,3,3,1.0,0.35,0.11666666699999999,0.0175,0.0875
4560,5/18/18,kabby,0,9,3,3,1.0,10.42,3.4733333330000002,0.521,2.605
4571,5/18/18,Phixate,1,7,6,18,3.0,2.73,0.151666667,0.1365,0.6825
4619,5/18/18,myboomshtickMixer,1,1,2,4,2.0,0.41,0.1025,0.0205,0.1025
4756,5/17/18,KingBaileyBomb,0,1,0,0,0.0,0.0,,0.0,0.0
4762,5/17/18,thatpiguy,0,3,1,3,3.0,0.35,0.11666666699999999,0.0175,0.0875
4767,5/17/18,jaredfps,1,6,3,5,1.6666666669999999,0.21,0.042,0.0105,0.0525
4777,5/17/18,SugarPlumOnMixer,1,2,1,4,4.0,0.38,0.095,0.019,0.095
4779,5/17/18,Scarberry,0,3,4,17,4.25,14.97,0.880588235,0.7485,3.7425
4811,5/17/18,TyFighter559,0,1,1,2,2.0,1.2,0.6,0.06,0.3
4829,5/17/18,Phixate,0,8,6,12,2.0,0.7,0.058333333,0.035,0.175
4863,5/17/18,InjuredWafflez,1,6,1,1,1.0,0.07,0.07,0.0035,0.0175
4875,5/17/18,myboomshtickMixer,0,1,1,2,2.0,0.32,0.16,0.016,0.08
5008,5/16/18,dammitrooster,0,7,6,18,3.0,32.71,1.8172222219999998,1.6355,8.1775
5012,5/16/18,KingBaileyBomb,0,7,4,7,1.75,1.14,0.162857143,0.057,0.285
5020,5/16/18,jaredfps,0,5,2,6,3.0,8.16,1.36,0.408,2.04
5023,5/16/18,InsertCoinTheater,1,6,5,7,1.4,3.93,0.561428571,0.1965,0.9825
5024,5/16/18,Moto,0,3,2,3,1.5,0.68,0.226666667,0.034,0.17
5029,5/16/18,PinkMeatBall,1,20,1,1,1.0,0.25,0.25,0.0125,0.0625
5037,5/16/18,Scarberry,1,3,2,3,1.5,0.19,0.06333333299999999,0.0095,0.0475
5059,5/16/18,MAGNETRON,0,9,0,0,0.0,0.0,,0.0,0.0
5065,5/16/18,Bighungry2x,1,36,7,40,5.714285714,5.48,0.13699999999999998,0.27399999999999997,1.37
5076,5/16/18,TyFighter559,0,1,1,20,20.0,13.25,0.6625,0.6625,3.3125
5078,5/16/18,kabby,1,38,7,12,1.714285714,2.11,0.175833333,0.1055,0.5275
5086,5/16/18,Phixate,1,10,6,8,1.333333333,2.86,0.3575,0.14300000000000002,0.715
5121,5/16/18,InjuredWafflez,0,2,0,0,0.0,0.0,,0.0,0.0
5126,5/16/18,myboomshtickMixer,1,4,1,1,1.0,1.0,1.0,0.05,0.25
5244,5/15/18,pixelprincess,0,5,4,55,13.75,3.46,0.062909091,0.17300000000000001,0.865
5246,5/15/18,dammitrooster,0,1,0,0,0.0,0.0,,0.0,0.0
5252,5/15/18,thatpiguy,0,8,1,3,3.0,10.25,3.416666667,0.5125,2.5625
5256,5/15/18,jaredfps,0,3,2,5,2.5,11.17,2.234,0.5585,2.7925
5259,5/15/18,InsertCoinTheater,0,3,0,0,0.0,0.0,,0.0,0.0
5263,5/15/18,PinkMeatBall,0,4,0,0,0.0,0.0,,0.0,0.0
5272,5/15/18,SugarPlumOnMixer,0,1,1,4,4.0,0.73,0.1825,0.0365,0.1825
5282,5/15/18,AstroOnMixer,0,7,0,0,0.0,0.0,,0.0,0.0
5290,5/15/18,MAGNETRON,0,12,6,18,3.0,2.46,0.136666667,0.12300000000000001,0.615
5295,5/15/18,Bighungry2x,0,1,0,0,0.0,0.0,,0.0,0.0
5302,5/15/18,TyFighter559,0,2,1,1,1.0,0.15,0.15,0.0075,0.0375
5304,5/15/18,kabby,0,9,3,5,1.6666666669999999,6.27,1.254,0.3135,1.5675
5336,5/15/18,InjuredWafflez,0,3,3,10,3.333333333,6.89,0.6890000000000001,0.3445,1.7225
5435,5/14/18,KingBaileyBomb,0,6,0,0,0.0,0.0,,0.0,0.0
5440,5/14/18,thatpiguy,0,1,0,0,0.0,0.0,,0.0,0.0
5445,5/14/18,InsertCoinTheater,0,5,1,1,1.0,1.5,1.5,0.075,0.375
5446,5/14/18,Moto,0,20,3,5,1.6666666669999999,0.79,0.158,0.0395,0.1975
5457,5/14/18,SugarPlumOnMixer,0,2,0,0,0.0,0.0,,0.0,0.0
5458,5/14/18,Scarberry,0,18,6,22,3.666666667,5.03,0.22863636399999998,0.2515,1.2575
5470,5/14/18,AstroOnMixer,0,13,14,179,12.78571429,29.82,0.166592179,1.4909999999999999,7.455
5481,5/14/18,MAGNETRON,0,7,3,4,1.333333333,0.6,0.15,0.03,0.15
5490,5/14/18,Bighungry2x,0,2,0,0,0.0,0.0,,0.0,0.0
5533,5/14/18,myboomshtickMixer,0,1,5,18,3.6,16.25,0.9027777779999999,0.8125,4.0625
5607,5/13/18,dammitrooster,0,2,0,0,0.0,0.0,,0.0,0.0
5612,5/13/18,KingBaileyBomb,0,1,0,0,0.0,0.0,,0.0,0.0
5615,5/13/18,XenAndCL,0,1,0,0,0.0,0.0,,0.0,0.0
5620,5/13/18,jaredfps,0,16,1,1,1.0,0.01,0.01,0.0005,0.0025
5626,5/13/18,PinkMeatBall,0,12,1,2,2.0,6.0,3.0,0.3,1.5
5629,5/13/18,SugarPlumOnMixer,0,2,0,0,0.0,0.0,,0.0,0.0
5654,5/13/18,Bighungry2x,0,1,0,0,0.0,0.0,,0.0,0.0
5661,5/13/18,kabby,0,2,4,6,1.5,30.27,5.045,1.5135,7.5675
5704,5/13/18,myboomshtickMixer,0,12,2,8,4.0,5.47,0.68375,0.2735,1.3675
5798,5/12/18,dammitrooster,0,1,0,0,0.0,0.0,,0.0,0.0
5800,5/12/18,KingBaileyBomb,0,1,1,4,4.0,1.3,0.325,0.065,0.325
5805,5/12/18,thatpiguy,0,3,2,6,3.0,1.09,0.181666667,0.0545,0.2725
5809,5/12/18,jaredfps,0,10,7,24,3.428571429,25.94,1.080833333,1.297,6.485
5810,5/12/18,InsertCoinTheater,0,1,1,3,3.0,2.77,0.923333333,0.1385,0.6925
5815,5/12/18,PinkMeatBall,0,9,4,75,18.75,9.9,0.132,0.495,2.475
5842,5/12/18,MAGNETRON,0,6,3,4,1.333333333,1.0,0.25,0.05,0.25
5852,5/12/18,kabby,0,5,3,4,1.333333333,0.68,0.17,0.034,0.17
5890,5/12/18,InjuredWafflez,0,1,0,0,0.0,0.0,,0.0,0.0
5995,5/11/18,lenaaxios,0,3,1,1,1.0,0.03,0.03,0.0015,0.0075
5997,5/11/18,pixelprincess,0,3,2,2,1.0,0.04,0.02,0.002,0.01
6010,5/11/18,thatpiguy,0,3,4,29,7.25,13.72,0.473103448,0.6859999999999999,3.43
6018,5/11/18,InsertCoinTheater,0,1,0,0,0.0,0.0,,0.0,0.0
6019,5/11/18,Moto,0,2,1,2,2.0,0.08,0.04,0.004,0.02
6044,5/11/18,MAGNETRON,0,7,5,11,2.2,32.86,2.9872727269999997,1.643,8.215
6047,5/11/18,Bighungry2x,0,2,1,2,2.0,2.8,1.4,0.14,0.7
6054,5/11/18,TyFighter559,0,1,1,6,6.0,5.6,0.933333333,0.28,1.4
6057,5/11/18,kabby,0,10,11,30,2.727272727,44.26,1.475333333,2.213,11.065
6102,5/11/18,myboomshtickMixer,0,13,0,0,0.0,0.0,,0.0,0.0
6201,5/10/18,lenaaxios,0,11,9,20,2.222222222,1.98,0.099,0.099,0.495
6205,5/10/18,pixelprincess,0,1,0,0,0.0,0.0,,0.0,0.0
6208,5/10/18,dammitrooster,0,7,3,9,3.0,1.51,0.16777777800000002,0.0755,0.3775
6215,5/10/18,KingBaileyBomb,0,18,0,0,0.0,0.0,,0.0,0.0
6220,5/10/18,thatpiguy,0,1,1,1,1.0,10.0,10.0,0.5,2.5
6223,5/10/18,jaredfps,0,16,8,420,52.5,21.94,0.052238095,1.097,5.485
6224,5/10/18,InsertCoinTheater,0,1,0,0,0.0,0.0,,0.0,0.0
6225,5/10/18,Moto,0,1,0,0,0.0,0.0,,0.0,0.0
6228,5/10/18,PinkMeatBall,0,1,0,0,0.0,0.0,,0.0,0.0
6233,5/10/18,SugarPlumOnMixer,0,4,0,0,0.0,0.0,,0.0,0.0
6262,5/10/18,Bighungry2x,0,16,7,18,2.5714285709999998,4.67,0.259444444,0.2335,1.1675
6308,5/10/18,InjuredWafflez,0,1,1,1,1.0,1.5,1.5,0.075,0.375
6311,5/10/18,myboomshtickMixer,0,16,7,24,3.428571429,31.57,1.315416667,1.5785,7.8925
6399,5/9/18,lenaaxios,0,4,3,7,2.333333333,1.63,0.23285714300000002,0.0815,0.4075
6402,5/9/18,dammitrooster,0,3,2,6,3.0,0.53,0.08833333300000001,0.0265,0.1325
6407,5/9/18,KingBaileyBomb,0,40,7,26,3.714285714,4.61,0.177307692,0.2305,1.1525
6410,5/9/18,thatpiguy,0,9,4,11,2.75,6.64,0.603636364,0.332,1.66
6421,5/9/18,PinkMeatBall,0,9,7,90,12.85714286,34.39,0.382111111,1.7195,8.5975
6433,5/9/18,SugarPlumOnMixer,0,10,5,40,8.0,54.11,1.35275,2.7055,13.5275
6454,5/9/18,MAGNETRON,0,2,0,0,0.0,0.0,,0.0,0.0
6463,5/9/18,Bighungry2x,0,20,4,9,2.25,1.38,0.15333333300000002,0.069,0.345
6479,5/9/18,kabby,0,13,2,3,1.5,0.31,0.10333333300000001,0.0155,0.0775
6523,5/9/18,InjuredWafflez,0,2,2,4,2.0,0.26,0.065,0.013000000000000001,0.065
6531,5/9/18,myboomshtickMixer,0,40,14,43,3.071428571,36.53,0.8495348840000001,1.8265,9.1325
6638,5/8/18,lenaaxios,0,8,6,18,3.0,5.29,0.293888889,0.2645,1.3225
6643,5/8/18,dammitrooster,0,4,2,5,2.5,0.81,0.162,0.0405,0.2025
6648,5/8/18,KingBaileyBomb,0,1,0,0,0.0,0.0,,0.0,0.0
6654,5/8/18,thatpiguy,0,6,2,3,1.5,0.29,0.096666667,0.0145,0.0725
6659,5/8/18,jaredfps,0,15,18,77,4.277777778,91.65,1.19025974,4.5825,22.9125
6661,5/8/18,Moto,0,9,7,13,1.857142857,3.41,0.262307692,0.1705,0.8525
6668,5/8/18,PinkMeatBall,0,7,3,20,6.666666667,3.37,0.1685,0.1685,0.8425
6677,5/8/18,SugarPlumOnMixer,0,2,0,0,0.0,0.0,,0.0,0.0
6693,5/8/18,AstroOnMixer,0,1,1,1,1.0,0.03,0.03,0.0015,0.0075
6706,5/8/18,MAGNETRON,0,12,12,31,2.583333333,20.22,0.652258065,1.011,5.055
6729,5/8/18,TyFighter559,0,3,3,24,8.0,3.5,0.145833333,0.175,0.875
6732,5/8/18,kabby,0,72,10,43,4.3,3.48,0.080930233,0.174,0.87
6742,5/8/18,Phixate,0,1,0,0,0.0,0.0,,0.0,0.0
6781,5/8/18,InjuredWafflez,0,5,3,4,1.333333333,0.59,0.1475,0.0295,0.1475
6900,5/7/18,lenaaxios,0,10,4,8,2.0,1.94,0.2425,0.09699999999999999,0.485
6906,5/7/18,dammitrooster,0,6,4,4,1.0,1.33,0.3325,0.0665,0.3325
6919,5/7/18,jaredfps,0,32,35,155,4.428571429,100.63,0.649225806,5.0315,25.1575
6922,5/7/18,Moto,0,1,0,0,0.0,0.0,,0.0,0.0
6957,5/7/18,MAGNETRON,0,11,10,50,5.0,19.19,0.3838,0.9595,4.7975
6964,5/7/18,Bighungry2x,0,2,0,0,0.0,0.0,,0.0,0.0
6974,5/7/18,kabby,0,14,9,15,1.6666666669999999,3.75,0.25,0.1875,0.9375
6985,5/7/18,Phixate,0,8,7,20,2.857142857,8.1,0.405,0.405,2.025
7023,5/7/18,myboomshtickMixer,0,1,0,0,0.0,0.0,,0.0,0.0
7153,5/6/18,jaredfps,0,2,1,1,1.0,0.02,0.02,0.001,0.005
7154,5/6/18,InsertCoinTheater,0,2,0,0,0.0,0.0,,0.0,0.0
7159,5/6/18,PinkMeatBall,0,28,3,4,1.333333333,1.28,0.32,0.064,0.32
7181,5/6/18,AstroOnMixer,0,1,0,0,0.0,0.0,,0.0,0.0
7192,5/6/18,Bighungry2x,0,19,4,11,2.75,0.73,0.06636363599999999,0.0365,0.1825
7204,5/6/18,kabby,0,11,7,19,2.714285714,4.02,0.211578947,0.201,1.005
7246,5/6/18,InjuredWafflez,0,10,1,1,1.0,0.02,0.02,0.001,0.005
7255,5/6/18,myboomshtickMixer,0,8,1,5,5.0,7.94,1.588,0.397,1.985
7364,5/5/18,pixelprincess,0,1,1,1,1.0,0.02,0.02,0.001,0.005
7371,5/5/18,XenAndCL,0,1,0,0,0.0,0.0,,0.0,0.0
7374,5/5/18,jaredfps,0,2,0,0,0.0,0.0,,0.0,0.0
7378,5/5/18,Moto,0,3,1,2,2.0,1.52,0.76,0.076,0.38
7380,5/5/18,PinkMeatBall,0,10,0,0,0.0,0.0,,0.0,0.0
7400,5/5/18,MAGNETRON,0,3,1,2,2.0,0.1,0.05,0.005,0.025
7406,5/5/18,Bighungry2x,0,11,14,69,4.928571429,70.14,1.016521739,3.5069999999999997,17.535
7423,5/5/18,kabby,0,21,12,25,2.083333333,13.88,0.5552,0.6940000000000001,3.47
7429,5/5/18,Phixate,0,14,12,26,2.166666667,3.86,0.148461538,0.193,0.965
7590,5/4/18,lenaaxios,0,2,1,1,1.0,0.02,0.02,0.001,0.005
7595,5/4/18,dammitrooster,0,2,1,1,1.0,1.5,1.5,0.075,0.375
7598,5/4/18,thatpiguy,0,1,0,0,0.0,0.0,,0.0,0.0
7602,5/4/18,jaredfps,0,7,2,9,4.5,42.16,4.6844444439999995,2.108,10.54
7605,5/4/18,Moto,0,2,1,1,1.0,1.5,1.5,0.075,0.375
7608,5/4/18,PinkMeatBall,0,2,7,19,2.714285714,6.34,0.333684211,0.317,1.585
7630,5/4/18,AstroOnMixer,0,2,0,0,0.0,0.0,,0.0,0.0
7640,5/4/18,MAGNETRON,0,12,4,23,5.75,3.74,0.162608696,0.187,0.935
7669,5/4/18,Phixate,0,8,2,53,26.5,1.0,0.018867925,0.05,0.25
7707,5/4/18,InjuredWafflez,0,28,2,5,2.5,0.93,0.18600000000000003,0.0465,0.2325
7825,5/3/18,pixelprincess,0,5,2,3,1.5,0.58,0.193333333,0.028999999999999998,0.145
7827,5/3/18,dammitrooster,0,2,0,0,0.0,0.0,,0.0,0.0
7830,5/3/18,KingBaileyBomb,0,3,2,5,2.5,1.35,0.27,0.0675,0.3375
7832,5/3/18,thatpiguy,0,2,0,0,0.0,0.0,,0.0,0.0
7833,5/3/18,XenAndCL,0,1,1,3,3.0,0.1,0.033333333,0.005,0.025
7837,5/3/18,jaredfps,0,36,3,5,1.6666666669999999,0.06,0.012,0.003,0.015
7840,5/3/18,InsertCoinTheater,0,1,0,0,0.0,0.0,,0.0,0.0
7868,5/3/18,Bighungry2x,0,18,9,25,2.777777778,20.17,0.8068,1.0085,5.0425
7880,5/3/18,kabby,0,32,0,0,0.0,0.0,,0.0,0.0
7888,5/3/18,Phixate,0,3,1,2,2.0,0.02,0.01,0.001,0.005
7917,5/3/18,InjuredWafflez,0,4,2,2,1.0,1.02,0.51,0.051,0.255
7926,5/3/18,myboomshtickMixer,0,5,1,1,1.0,0.02,0.02,0.001,0.005
8034,5/2/18,KingBaileyBomb,0,3,1,1,1.0,0.02,0.02,0.001,0.005
8036,5/2/18,XenAndCL,0,1,0,0,0.0,0.0,,0.0,0.0
8039,5/2/18,InsertCoinTheater,0,1,1,3,3.0,1.35,0.45,0.0675,0.3375
8040,5/2/18,Moto,0,1,0,0,0.0,0.0,,0.0,0.0
8043,5/2/18,PinkMeatBall,0,5,1,1,1.0,0.02,0.02,0.001,0.005
8058,5/2/18,AstroOnMixer,0,1,0,0,0.0,0.0,,0.0,0.0
8067,5/2/18,MAGNETRON,0,20,1,2,2.0,1.75,0.875,0.0875,0.4375
8073,5/2/18,Bighungry2x,0,6,3,5,1.6666666669999999,0.83,0.166,0.0415,0.2075
8094,5/2/18,Phixate,0,2,1,1,1.0,1.0,1.0,0.05,0.25
8119,5/2/18,InjuredWafflez,0,1,0,0,0.0,0.0,,0.0,0.0
8127,5/2/18,myboomshtickMixer,0,4,0,0,0.0,0.0,,0.0,0.0
8213,5/1/18,dammitrooster,0,1,0,0,0.0,0.0,,0.0,0.0
8217,5/1/18,thatpiguy,0,2,1,6,6.0,4.88,0.813333333,0.244,1.22
8218,5/1/18,XenAndCL,0,2,0,0,0.0,0.0,,0.0,0.0
8221,5/1/18,jaredfps,0,1,1,1,1.0,0.02,0.02,0.001,0.005
8225,5/1/18,Moto,0,4,1,1,1.0,1.5,1.5,0.075,0.375
8261,5/1/18,TyFighter559,0,4,3,8,2.666666667,1.72,0.215,0.086,0.43
8263,5/1/18,kabby,0,1,1,1,1.0,0.02,0.02,0.001,0.005
8268,5/1/18,Phixate,0,2,0,0,0.0,0.0,,0.0,0.0
8363,4/30/18,pixelprincess,0,1,0,0,0.0,0.0,,0.0,0.0
8369,4/30/18,thatpiguy,0,1,0,0,0.0,0.0,,0.0,0.0
8370,4/30/18,XenAndCL,0,1,0,0,0.0,0.0,,0.0,0.0
8374,4/30/18,Moto,0,1,0,0,0.0,0.0,,0.0,0.0
8394,4/30/18,Bighungry2x,0,2,0,0,0.0,0.0,,0.0,0.0
8400,4/30/18,kabby,0,1,0,0,0.0,0.0,,0.0,0.0
8405,4/30/18,Phixate,0,1,1,1,1.0,2.5,2.5,0.125,0.625
8500,4/29/18,dammitrooster,0,1,0,0,0.0,0.0,,0.0,0.0
8506,4/29/18,XenAndCL,0,1,1,5,5.0,2.1,0.42,0.105,0.525
8507,4/29/18,Moto,0,1,1,2,2.0,1.2,0.6,0.06,0.3
8526,4/29/18,Bighungry2x,0,2,1,1,1.0,0.02,0.02,0.001,0.005
8558,4/29/18,myboomshtickMixer,0,2,1,10,10.0,0.35,0.035,0.0175,0.0875
8643,4/28/18,lenaaxios,0,1,0,0,0.0,0.0,,0.0,0.0
8650,4/28/18,jaredfps,0,1,1,1,1.0,0.02,0.02,0.001,0.005
8651,4/28/18,InsertCoinTheater,0,1,0,0,0.0,0.0,,0.0,0.0
8668,4/28/18,MAGNETRON,0,1,1,10,10.0,0.1,0.01,0.005,0.025
8706,4/28/18,myboomshtickMixer,0,3,2,3,1.5,0.04,0.013333333000000001,0.002,0.01
8789,4/27/18,dammitrooster,0,1,1,1,1.0,2.5,2.5,0.125,0.625
8795,4/27/18,thatpiguy,0,3,1,7,7.0,3.95,0.5642857139999999,0.1975,0.9875
8815,4/27/18,Bighungry2x,0,2,1,1,1.0,0.02,0.02,0.001,0.005
8823,4/27/18,Phixate,0,4,3,11,3.666666667,3.84,0.349090909,0.192,0.96
8898,4/26/18,lenaaxios,0,1,1,1,1.0,0.02,0.02,0.001,0.005
8908,4/26/18,thatpiguy,0,3,1,9,9.0,0.35,0.038888888999999996,0.0175,0.0875
8910,4/26/18,InsertCoinTheater,0,2,0,0,0.0,0.0,,0.0,0.0
8911,4/26/18,Moto,0,1,0,0,0.0,0.0,,0.0,0.0
8931,4/26/18,Bighungry2x,0,1,0,0,0.0,0.0,,0.0,0.0
8947,4/26/18,Phixate,0,4,3,4,1.333333333,7.02,1.755,0.35100000000000003,1.755
8968,4/26/18,myboomshtickMixer,0,2,1,1,1.0,0.02,0.02,0.001,0.005
9047,4/25/18,lenaaxios,0,2,1,3,3.0,1.98,0.66,0.099,0.495
9055,4/25/18,InsertCoinTheater,0,16,1,1,1.0,0.01,0.01,0.0005,0.0025
9057,4/25/18,Moto,0,2,0,0,0.0,0.0,,0.0,0.0
9072,4/25/18,MAGNETRON,0,2,0,0,0.0,0.0,,0.0,0.0
9088,4/25/18,Phixate,0,2,1,2,2.0,0.04,0.02,0.002,0.01
9186,4/24/18,dammitrooster,0,1,0,0,0.0,0.0,,0.0,0.0
9196,4/24/18,Moto,0,1,0,0,0.0,0.0,,0.0,0.0
9223,4/24/18,MAGNETRON,0,1,1,10,10.0,0.11,0.011000000000000001,0.0055,0.0275
9228,4/24/18,Bighungry2x,0,2,1,3,3.0,0.28,0.093333333,0.013999999999999999,0.07
9241,4/24/18,kabby,0,2,1,1,1.0,5.0,5.0,0.25,1.25
9252,4/24/18,Phixate,0,4,2,5,2.5,2.77,0.5539999999999999,0.1385,0.6925
9357,4/23/18,jaredfps,0,3,0,0,0.0,0.0,,0.0,0.0
9370,4/23/18,Scarberry,0,1,0,0,0.0,0.0,,0.0,0.0
9387,4/23/18,MAGNETRON,0,1,1,1,1.0,0.21,0.21,0.0105,0.0525
9391,4/23/18,Bighungry2x,0,2,0,0,0.0,0.0,,0.0,0.0
9404,4/23/18,kabby,0,2,0,0,0.0,0.0,,0.0,0.0
9412,4/23/18,Phixate,0,1,1,1,1.0,0.02,0.02,0.001,0.005
9439,4/23/18,myboomshtickMixer,0,2,1,2,2.0,2.0,1.0,0.1,0.5
9532,4/22/18,Moto,0,2,0,0,0.0,0.0,,0.0,0.0
9551,4/22/18,Bighungry2x,0,6,1,1,1.0,0.49,0.49,0.0245,0.1225
9563,4/22/18,kabby,0,2,1,1,1.0,5.0,5.0,0.25,1.25
9674,4/21/18,thatpiguy,0,1,0,0,0.0,0.0,,0.0,0.0
9717,4/21/18,Phixate,0,4,0,0,0.0,0.0,,0.0,0.0
9734,4/21/18,myboomshtickMixer,0,1,1,2,2.0,0.63,0.315,0.0315,0.1575
9823,4/20/18,thatpiguy,0,4,0,0,0.0,0.0,,0.0,0.0
9824,4/20/18,XenAndCL,0,1,1,3,3.0,1.5,0.5,0.075,0.375
9829,4/20/18,InsertCoinTheater,0,1,2,6,3.0,2.59,0.431666667,0.1295,0.6475
9833,4/20/18,PinkMeatBall,0,1,1,4,4.0,0.11,0.0275,0.0055,0.0275
9847,4/20/18,AstroOnMixer,0,1,0,0,0.0,0.0,,0.0,0.0
9857,4/20/18,Bighungry2x,0,1,1,2,2.0,1.75,0.875,0.0875,0.4375
9873,4/20/18,kabby,0,1,1,1,1.0,0.07,0.07,0.0035,0.0175
9886,4/20/18,Phixate,0,4,2,2,1.0,0.03,0.015,0.0015,0.0075
10003,4/19/18,jaredfps,0,3,1,1,1.0,0.02,0.02,0.001,0.005
10004,4/19/18,InsertCoinTheater,0,1,0,0,0.0,0.0,,0.0,0.0
10031,4/19/18,Bighungry2x,0,10,6,51,8.5,6.25,0.12254902,0.3125,1.5625
10045,4/19/18,Phixate,0,6,4,8,2.0,5.66,0.7075,0.28300000000000003,1.415
10069,4/19/18,InjuredWafflez,0,1,1,2,2.0,0.98,0.49,0.049,0.245
10158,4/18/18,dammitrooster,0,3,2,6,3.0,0.12,0.02,0.006,0.03
10166,4/18/18,XenAndCL,0,1,0,0,0.0,0.0,,0.0,0.0
10193,4/18/18,MAGNETRON,0,3,2,6,3.0,2.34,0.39,0.11699999999999999,0.585
10198,4/18/18,Bighungry2x,0,12,3,13,4.333333333,1.9,0.146153846,0.095,0.475
10220,4/18/18,Phixate,0,7,4,5,1.25,0.46,0.092,0.023,0.115
10249,4/18/18,myboomshtickMixer,0,3,0,0,0.0,0.0,,0.0,0.0
10340,4/17/18,dammitrooster,0,1,1,1,1.0,0.49,0.49,0.0245,0.1225
10341,4/17/18,thatpiguy,0,2,1,3,3.0,12.21,4.07,0.6105,3.0525
10345,4/17/18,jaredfps,0,3,2,6,3.0,1.24,0.206666667,0.062,0.31
10348,4/17/18,InsertCoinTheater,0,1,0,0,0.0,0.0,,0.0,0.0
10401,4/17/18,Phixate,0,4,0,0,0.0,0.0,,0.0,0.0
10432,4/17/18,InjuredWafflez,0,1,0,0,0.0,0.0,,0.0,0.0
10442,4/17/18,myboomshtickMixer,0,1,0,0,0.0,0.0,,0.0,0.0
10529,4/16/18,Moto,0,1,1,1,1.0,0.02,0.02,0.001,0.005
10563,4/16/18,Bighungry2x,0,7,1,3,3.0,6.15,2.05,0.3075,1.5375
10569,4/16/18,TyFighter559,0,1,0,0,0.0,0.0,,0.0,0.0
10574,4/16/18,kabby,0,1,0,0,0.0,0.0,,0.0,0.0
10582,4/16/18,Phixate,0,10,5,10,2.0,0.93,0.09300000000000001,0.0465,0.2325
10703,4/15/18,thatpiguy,0,1,0,0,0.0,0.0,,0.0,0.0
10729,4/15/18,Bighungry2x,0,5,0,0,0.0,0.0,,0.0,0.0
10776,4/15/18,myboomshtickMixer,0,2,1,1,1.0,0.25,0.25,0.0125,0.0625
10885,4/14/18,thatpiguy,0,1,0,0,0.0,0.0,,0.0,0.0
10891,4/14/18,Moto,0,1,0,0,0.0,0.0,,0.0,0.0
10895,4/14/18,PinkMeatBall,0,20,1,1,1.0,10.0,10.0,0.5,2.5
10912,4/14/18,AstroOnMixer,0,1,0,0,0.0,0.0,,0.0,0.0
11050,4/13/18,dammitrooster,0,1,0,0,0.0,0.0,,0.0,0.0
11054,4/13/18,thatpiguy,0,4,2,3,1.5,1.31,0.436666667,0.0655,0.3275
11055,4/13/18,XenAndCL,0,1,0,0,0.0,0.0,,0.0,0.0
11095,4/13/18,Bighungry2x,0,28,0,0,0.0,0.0,,0.0,0.0
11234,4/12/18,thatpiguy,0,2,1,1,1.0,5.0,5.0,0.25,1.25
11243,4/12/18,PinkMeatBall,0,6,0,0,0.0,0.0,,0.0,0.0
11266,4/12/18,Bighungry2x,0,10,2,3,1.5,0.12,0.04,0.006,0.03
11280,4/12/18,kabby,0,1,1,1,1.0,1.0,1.0,0.05,0.25
11289,4/12/18,Phixate,0,12,6,11,1.8333333330000001,1.62,0.147272727,0.081,0.405
11316,4/12/18,InjuredWafflez,0,1,0,0,0.0,0.0,,0.0,0.0
11412,4/11/18,dammitrooster,0,1,1,3,3.0,0.1,0.033333333,0.005,0.025
11418,4/11/18,thatpiguy,0,5,2,5,2.5,5.2,1.04,0.26,1.3
11424,4/11/18,PinkMeatBall,0,3,3,21,7.0,2.09,0.09952381,0.1045,0.5225
11430,4/11/18,Scarberry,0,1,1,2,2.0,0.13,0.065,0.0065,0.0325
11450,4/11/18,MAGNETRON,0,1,0,0,0.0,0.0,,0.0,0.0
11457,4/11/18,Bighungry2x,0,1,1,10,10.0,6.98,0.698,0.349,1.745
11482,4/11/18,Phixate,0,5,0,0,0.0,0.0,,0.0,0.0
11505,4/11/18,InjuredWafflez,0,1,1,1,1.0,0.45,0.45,0.0225,0.1125
11595,4/10/18,dammitrooster,0,1,0,0,0.0,0.0,,0.0,0.0
11639,4/10/18,kabby,0,1,0,0,0.0,0.0,,0.0,0.0
11651,4/10/18,Phixate,0,10,2,3,1.5,0.79,0.263333333,0.0395,0.1975
11681,4/10/18,myboomshtickMixer,0,1,0,0,0.0,0.0,,0.0,0.0
11769,4/9/18,Moto,0,1,0,0,0.0,0.0,,0.0,0.0
11775,4/9/18,PinkMeatBall,0,4,0,0,0.0,0.0,,0.0,0.0
11811,4/9/18,Bighungry2x,0,1,0,0,0.0,0.0,,0.0,0.0
11816,4/9/18,TyFighter559,0,3,1,6,6.0,0.35,0.058333333,0.0175,0.0875
11828,4/9/18,Phixate,0,6,2,5,2.5,21.0,4.2,1.05,5.25
11854,4/9/18,InjuredWafflez,0,1,1,1,1.0,0.45,0.45,0.0225,0.1125
11862,4/9/18,myboomshtickMixer,0,1,0,0,0.0,0.0,,0.0,0.0
11960,4/8/18,thatpiguy,0,1,0,0,0.0,0.0,,0.0,0.0
11973,4/8/18,Scarberry,0,1,1,2,2.0,0.5,0.25,0.025,0.125
12127,4/7/18,Moto,0,2,0,0,0.0,0.0,,0.0,0.0
12132,4/7/18,PinkMeatBall,0,2,1,1,1.0,1.0,1.0,0.05,0.25
12157,4/7/18,Bighungry2x,0,3,0,0,0.0,0.0,,0.0,0.0
12164,4/7/18,TyFighter559,0,1,1,1,1.0,0.01,0.01,0.0005,0.0025
12174,4/7/18,Phixate,0,6,1,1,1.0,5.0,5.0,0.25,1.25
12309,4/6/18,Moto,0,4,1,7,7.0,0.6,0.085714286,0.03,0.15
12343,4/6/18,Bighungry2x,0,2,0,0,0.0,0.0,,0.0,0.0
12351,4/6/18,TyFighter559,0,1,1,2,2.0,0.27,0.135,0.0135,0.0675
12368,4/6/18,Phixate,0,3,2,8,4.0,0.28,0.035,0.013999999999999999,0.07
12396,4/6/18,myboomshtickMixer,0,3,1,3,3.0,0.52,0.173333333,0.026000000000000002,0.13
12492,4/5/18,pixelprincess,0,1,0,0,0.0,0.0,,0.0,0.0
12502,4/5/18,Moto,0,2,0,0,0.0,0.0,,0.0,0.0
12545,4/5/18,TyFighter559,0,1,0,0,0.0,0.0,,0.0,0.0
12564,4/5/18,Phixate,0,6,2,8,4.0,16.73,2.09125,0.8365,4.1825
12734,4/4/18,thatpiguy,0,1,1,2,2.0,0.02,0.01,0.001,0.005
12746,4/4/18,PinkMeatBall,0,1,0,0,0.0,0.0,,0.0,0.0
12777,4/4/18,MAGNETRON,0,1,0,0,0.0,0.0,,0.0,0.0
12788,4/4/18,Bighungry2x,0,1,0,0,0.0,0.0,,0.0,0.0
12803,4/4/18,kabby,0,1,0,0,0.0,0.0,,0.0,0.0
12987,4/3/18,dammitrooster,0,4,1,2,2.0,1.31,0.655,0.0655,0.3275
12992,4/3/18,thatpiguy,0,1,0,0,0.0,0.0,,0.0,0.0
12996,4/3/18,jaredfps,0,2,1,1,1.0,0.15,0.15,0.0075,0.0375
12999,4/3/18,Moto,0,3,1,1,1.0,0.24,0.24,0.012,0.06
13038,4/3/18,Bighungry2x,0,1,0,0,0.0,0.0,,0.0,0.0
13063,4/3/18,Phixate,0,13,2,7,3.5,1.6,0.228571429,0.08,0.4
13091,4/3/18,InjuredWafflez,0,1,1,1,1.0,0.45,0.45,0.0225,0.1125
13102,4/3/18,myboomshtickMixer,0,1,0,0,0.0,0.0,,0.0,0.0
13199,4/2/18,pixelprincess,0,6,2,8,4.0,0.85,0.10625,0.0425,0.2125
13201,4/2/18,dammitrooster,0,1,0,0,0.0,0.0,,0.0,0.0
13207,4/2/18,XenAndCL,0,3,0,0,0.0,0.0,,0.0,0.0
13215,4/2/18,Moto,0,3,1,4,4.0,0.1,0.025,0.005,0.025
13243,4/2/18,AstroOnMixer,0,1,0,0,0.0,0.0,,0.0,0.0
13262,4/2/18,Bighungry2x,0,32,1,5,5.0,0.1,0.02,0.005,0.025
13273,4/2/18,TyFighter559,0,1,0,0,0.0,0.0,,0.0,0.0
13289,4/2/18,Phixate,0,11,2,10,5.0,16.8,1.68,0.84,4.2
13481,4/1/18,XenAndCL,0,1,0,0,0.0,0.0,,0.0,0.0
13483,4/1/18,jaredfps,0,3,1,1,1.0,0.15,0.15,0.0075,0.0375
13487,4/1/18,InsertCoinTheater,0,1,0,0,0.0,0.0,,0.0,0.0
13488,4/1/18,Moto,0,1,0,0,0.0,0.0,,0.0,0.0
13528,4/1/18,Bighungry2x,0,2,0,0,0.0,0.0,,0.0,0.0
13539,4/1/18,TyFighter559,0,1,0,0,0.0,0.0,,0.0,0.0
13592,4/1/18,InjuredWafflez,0,1,0,0,0.0,0.0,,0.0,0.0
13657,3/31/18,thatpiguy,0,1,1,9,9.0,1.69,0.187777778,0.0845,0.4225
